<?xml version="1.0" encoding="UTF-8"?>
<project-private xmlns="http://www.netbeans.org/ns/project-private/1">
    <editor-bookmarks xmlns="http://www.netbeans.org/ns/editor-bookmarks/2" lastBookmarkId="0"/>
    <open-files xmlns="http://www.netbeans.org/ns/projectui-open-files/2">
        <group>
            <file>file:/Users/yizheliu/Desktop/HW_assign7/src/business/organization/OrganizationDirectory.java</file>
            <file>file:/Users/yizheliu/Desktop/HW_assign7/src/userinterface/organization_admin/AdminWorkAreaJPanel.java</file>
            <file>file:/Users/yizheliu/Desktop/HW_assign7/src/userinterface/organization_admin/ManageUserJPanel.java</file>
            <file>file:/Users/yizheliu/Desktop/HW_assign7/src/userinterface/clinic/ClinicWorkAreaJPanel.java</file>
            <file>file:/Users/yizheliu/Desktop/HW_assign7/src/business/role/SystemAdminRole.java</file>
            <file>file:/Users/yizheliu/Desktop/HW_assign7/src/business/state/State.java</file>
            <file>file:/Users/yizheliu/Desktop/HW_assign7/src/business/organization/ClinicOrganization.java</file>
            <file>file:/Users/yizheliu/Desktop/HW_assign7/src/business/employee/EmployeeDirectory.java</file>
            <file>file:/Users/yizheliu/Desktop/HW_assign7/src/business/organization/AdminOrganization.java</file>
            <file>file:/Users/yizheliu/Desktop/HW_assign7/src/business/EcoSystem.java</file>
            <file>file:/Users/yizheliu/Desktop/HW_assign7/src/userinterface/organization_admin/ManageEmployeeJPanel.java</file>
            <file>file:/Users/yizheliu/Desktop/HW_assign7/src/userinterface/system_admin/ManageEnterpriseAdminJPanel.java</file>
            <file>file:/Users/yizheliu/Desktop/HW_assign7/src/business/enterprise/Enterprise.java</file>
            <file>file:/Users/yizheliu/Desktop/HW_assign7/src/business/enterprise/EnterpriseDirectory.java</file>
            <file>file:/Users/yizheliu/Desktop/HW_assign7/src/userinterface/system_admin/ManageStateJPanel.java</file>
            <file>file:/Users/yizheliu/Desktop/HW_assign7/src/business/role/AdminRole.java</file>
            <file>file:/Users/yizheliu/Desktop/HW_assign7/src/business/role/ClinicRole.java</file>
            <file>file:/Users/yizheliu/Desktop/HW_assign7/src/userinterface/organization_admin/UpdateUserJPanel.java</file>
            <file>file:/Users/yizheliu/Desktop/HW_assign7/src/business/enterprise/StateLevelProvidorEnterprise.java</file>
            <file>file:/Users/yizheliu/Desktop/HW_assign7/src/userinterface/organization_admin/UpdateEmployeeJPanel.java</file>
            <file>file:/Users/yizheliu/Desktop/HW_assign7/src/business/organization/Organization.java</file>
            <file>file:/Users/yizheliu/Desktop/HW_assign7/src/userinterface/MainJFrame.java</file>
            <file>file:/Users/yizheliu/Desktop/HW_assign7/src/business/enterprise/ProvidorEnterprise.java</file>
            <file>file:/Users/yizheliu/Desktop/HW_assign7/src/business/ConfigureASystem.java</file>
            <file>file:/Users/yizheliu/Desktop/HW_assign7/src/business/db4o/DB4OUtil.java</file>
            <file>file:/Users/yizheliu/Desktop/HW_assign7/src/userinterface/system_admin/ManageEnterpriseJPanel.java</file>
            <file>file:/Users/yizheliu/Desktop/HW_assign7/src/business/network/Network.java</file>
            <file>file:/Users/yizheliu/Desktop/HW_assign7/src/business/Disease.java</file>
            <file>file:/Users/yizheliu/Desktop/HW_assign7/src/userinterface/system_admin/ManageStateAdminJPanel.java</file>
            <file>file:/Users/yizheliu/Desktop/HW_assign7/src/business/Supplier.java</file>
            <file>file:/Users/yizheliu/Desktop/HW_assign7/src/userinterface/system_admin/UpdateStateAdminJPanel.java</file>
            <file>file:/Users/yizheliu/Desktop/HW_assign7/src/userinterface/organization_admin/ManageOrganizationJPanel.java</file>
            <file>file:/Users/yizheliu/Desktop/HW_assign7/src/userinterface/state_admin/StateAdminWorkAreaJPanel.java</file>
            <file>file:/Users/yizheliu/Desktop/HW_assign7/src/userinterface/system_admin/SystemAdminWorkAreaJPanel.java</file>
            <file>file:/Users/yizheliu/Desktop/HW_assign7/src/business/role/Role.java</file>
            <file>file:/Users/yizheliu/Desktop/HW_assign7/src/business/useraccount/UserAccount.java</file>
            <file>file:/Users/yizheliu/Desktop/HW_assign7/src/userinterface/system_admin/ManageNetworkJPanel.java</file>
            <file>file:/Users/yizheliu/Desktop/HW_assign7/src/business/Vaccine.java</file>
            <file>file:/Users/yizheliu/Desktop/HW_assign7/src/business/useraccount/UserAccountDirectory.java</file>
            <file>file:/Users/yizheliu/Desktop/HW_assign7/src/userinterface/state_admin/ManageProvidersJPanel.java</file>
            <file>file:/Users/yizheliu/Desktop/HW_assign7/src/business/employee/Employee.java</file>
            <file>file:/Users/yizheliu/Desktop/HW_assign7/src/business/role/StateAdminRole.java</file>
            <file>file:/Users/yizheliu/Desktop/HW_assign7/src/userinterface/system_admin/UpdateEnterpriseAdminJPanel.java</file>
        </group>
    </open-files>
</project-private>
